Idade,Quilometragem,Potencia,Preco
6,146688,212,88793.65
3,107665,99,85493.84
12,110373,239,87559.7
14,186144,191,71848.87
10,29574,194,87272.33
7,139502,106,74047.94
12,148748,239,87150.05
4,146888,193,93181.72
6,37733,170,91421.17
9,7050,104,78837.18
2,114996,156,94274.08
6,38933,203,101430.18
10,29951,87,66268.35
10,37413,182,86329.07
7,170873,98,70039.53
4,191691,146,81489.19
3,168985,128,83379.56
7,117573,244,96885.39
7,176672,195,86713.61
2,193847,214,93855.73
5,171472,178,86503.15
4,140566,91,79465.36
1,127744,137,89532.01
7,94431,138,78634.1
11,48001,234,83931.55
13,72364,118,66092.22
5,129988,210,91551.71
1,50028,231,107196.8
11,173645,178,75202.29
4,136878,155,86606.61
0,129343,122,88334.14
11,192710,192,70816.98
9,133301,156,79641.88
5,131295,248,102893.73
12,165829,200,76518.32
11,39636,111,71870.87
8,184352,167,79840.83
0,29262,229,117623.25
10,85435,178,77725.13
10,198283,120,66842.38
14,190914,154,60388.38
9,133583,243,92857.81
11,193051,196,77315.57
11,174269,90,63395.53
14,46844,113,67067.17
13,69754,208,84684.42
13,170229,172,72902.95
14,82129,137,70935.07
13,45042,198,78251.3
2,66665,161,100396.26
11,121953,93,63685.26
6,163448,194,86932.99
3,191626,210,96731.23
8,150271,180,84392.2
2,123533,167,91657.78
4,187020,208,93329.16
2,78781,248,113725.66
6,71262,86,72931.89
4,51600,168,99075.66
8,81898,151,81830.0
6,198555,173,77008.99
1,154369,221,99331.35
3,35448,88,82537.17
8,31172,234,95669.61
11,178946,154,71838.56
13,12657,77,56806.71
1,161497,97,85035.56
9,162757,74,61796.88
8,117855,214,94378.82
9,160650,170,78656.97
4,164903,233,101533.39
1,12906,187,108735.75
3,66413,216,106329.17
11,59028,133,73299.38
14,12287,160,73648.05
11,38660,186,83292.08
6,65504,167,91683.51
11,195792,80,58678.31
12,107979,123,68693.26
7,39701,242,101135.73
14,88300,116,62270.32
2,153746,209,96758.38
13,88560,218,81797.21
0,159946,208,103125.24
3,48642,74,83969.56
1,70160,89,89857.66
7,22602,238,97272.71
3,108320,115,83397.75
1,93801,81,82547.69
13,30931,139,77540.79
5,99377,86,77570.34
5,34192,184,95938.79
9,51542,216,91996.22
3,132015,223,98702.24
5,47520,117,89866.81
12,69772,177,80294.48
14,194834,121,60527.07
1,55106,165,96678.93
9,86121,139,75058.15
11,30559,171,81195.33
1,110595,144,91970.27
9,38742,230,91360.57
13,74669,220,82153.68
3,157826,212,97259.42
13,140044,224,81023.16
14,75831,248,83896.69
14,117217,151,65766.35
7,46873,161,84887.59
13,111532,248,89262.32
6,131267,244,94281.38
11,145975,73,62740.8
8,139092,204,89204.04
13,46755,178,77998.42
7,90956,232,101555.69
4,91988,117,86455.76
12,50648,142,80296.31
1,130991,141,90647.26
14,145588,185,70568.76
4,120005,242,103882.36
7,7396,150,87345.8
9,89082,150,85102.9
8,155201,182,84565.05
11,133322,165,72950.18
11,137663,141,67056.4
11,16303,216,89350.13
12,166633,132,67200.98
8,76719,107,77155.35
12,104616,136,74801.27
14,129165,138,69479.09
12,91231,82,62001.75
0,12314,244,112102.84
8,24623,100,74066.49
6,110228,183,87728.19
8,169202,91,68089.71
7,187828,162,81823.79
0,102624,240,108465.9
11,162364,136,71122.98
7,116785,123,79696.87
7,91206,207,92919.73
14,74274,111,61550.43
10,138541,133,74426.43
2,58947,195,108546.46
0,158606,90,86307.39
7,199692,238,82856.17
2,53874,221,110178.94
2,54708,104,86756.36
0,79553,99,97669.49
10,73344,126,75581.89
4,54138,116,81639.0
9,190374,232,81087.21
6,52638,88,83187.32
9,83249,183,88605.26
8,110865,77,76684.81
11,7719,95,71896.82
6,158962,182,87182.31
8,172581,140,75222.79
7,47534,99,76498.43
11,97241,204,82560.66
1,154859,136,91309.44
0,131209,134,91007.85
6,184917,105,69496.28
6,194004,94,72879.43
13,97124,106,62445.21
7,96659,70,61948.74
4,169134,212,97001.0
2,80713,106,84540.17
11,196533,210,81658.72
7,80418,205,94642.64
5,133232,202,94489.17
10,170904,197,88495.25
2,168038,196,96583.94
0,149059,70,82190.13
2,173383,233,104331.87
4,36575,104,85604.91
14,68852,173,77988.88
13,137079,92,57139.63
2,81242,78,79881.38
0,183589,103,88567.98
4,34257,243,103242.72
9,178279,197,84463.35
6,149353,73,72592.36
14,66246,227,80654.24
13,6435,171,80429.76
6,96357,144,81078.37
10,162732,168,74063.7
8,141156,141,77380.64
14,149579,72,55557.83
14,88807,211,78298.73
9,181611,242,90518.8
9,120953,103,72567.75
11,143563,114,72509.95
12,186264,130,65900.94
2,128797,152,95943.84
14,68888,192,80117.78
6,78609,171,96601.48
0,14077,85,91664.38
3,25953,135,91691.27
12,119682,237,89338.98
3,72889,214,103611.85
13,159893,188,78050.33
4,173639,231,100118.45
6,120374,193,84611.01
6,29860,213,99585.97
12,157267,171,74720.3
14,82475,135,68525.57
10,92266,82,67289.97
12,157499,180,70348.62
3,105732,228,105535.93
12,32083,103,70967.16
6,62372,108,84387.27
10,128786,205,79694.43
2,180136,189,96864.6
5,12813,195,97905.37
11,36598,124,75201.46
1,98106,96,86825.22
9,32082,187,90076.72
12,34241,122,72099.33
13,180641,108,58012.21
8,16745,134,83522.03
4,31029,214,101906.03
5,149097,227,96344.97
11,128395,82,54316.82
11,150360,90,66029.91
11,94186,216,84746.71
11,142612,122,65124.94
3,102768,88,84829.29
13,46846,126,72466.8
13,80932,94,63071.44
10,153554,100,63865.79
9,28411,150,83613.54
6,187047,92,72816.97
11,196617,101,66092.15
8,83797,143,79928.94
6,57307,79,80569.42
13,139165,123,63870.99
0,27042,121,92760.4
0,57930,217,106256.65
8,180485,229,89138.52
10,102883,183,82109.31
13,38756,83,65495.78
8,58268,247,97865.48
3,175286,225,101917.66
12,164674,179,73833.02
8,189403,122,66841.02
2,53901,221,106091.66
6,104986,148,78930.36
5,199488,91,74489.77
7,168268,99,75608.18
10,133386,73,61322.03
8,10626,128,86924.37
13,143496,77,60903.69
4,17857,81,86876.59
0,156054,188,100965.99
2,138052,228,100319.1
9,184362,103,70574.35
11,31431,151,77204.65
7,89976,167,86904.85
14,87711,196,76500.4
10,31385,144,83404.84
5,174230,174,89579.48
7,159091,118,75503.75
8,23639,148,79163.23
3,90530,162,91867.82
0,26563,223,114234.52
13,175413,87,59119.68
0,120672,165,94206.73
9,141848,107,65537.84
3,172516,156,89360.73
11,144783,157,71139.68
13,87970,119,64569.11
6,90553,77,77040.17
1,166779,238,108967.77
2,175182,203,95438.79
0,197860,138,90672.72
4,87879,241,103533.31
0,174899,190,99262.44
7,141727,133,78985.45
0,49859,226,113676.55
10,189697,225,82243.38
0,57098,208,103769.27
1,151323,190,104003.88
1,127413,134,94997.62
11,5526,176,80812.79
5,73760,216,99118.9
6,52837,206,99290.26
4,16536,224,107020.33
0,33541,231,114358.99
0,84083,241,111435.17
2,187099,169,97176.96
13,39531,151,75336.03
1,13712,212,107569.52
4,109101,120,87158.18
11,70455,210,86265.43
9,79744,152,81862.19
5,134749,246,100772.0
6,10109,181,96134.88
3,54268,125,87101.23
6,59615,248,97865.93
10,87503,234,95027.25
7,165831,214,90557.2
10,90708,226,91677.14
0,196184,230,99411.52
14,107471,129,69176.5
5,162661,189,88652.49
7,166087,207,86327.0
4,165081,244,100155.83
3,88309,92,80450.61
1,131446,218,104122.5
5,198118,82,71985.08
5,111661,170,93098.14
10,162215,230,90929.28
14,11154,93,69836.85
0,157876,177,91862.66
8,177760,80,64306.5
11,69288,86,60610.94
10,56195,244,90209.62
5,25581,94,80872.4
12,188720,163,72245.68
2,35087,90,86185.85
3,186002,153,86173.69
11,169053,209,81442.64
10,74298,106,67057.17
3,51167,111,85575.87
2,179480,214,97615.33
9,44499,170,84667.84
2,130816,117,87240.06
14,188341,172,72884.9
2,174631,97,84543.46
3,101347,110,83124.72
6,53787,168,89726.66
3,40488,116,88387.28
8,79441,215,90735.49
0,27431,174,105546.0
7,66681,193,86036.61
6,199555,82,72964.39
1,127720,210,108194.65
7,54153,169,87832.83
0,11368,100,93563.51
10,163496,199,82146.33
11,117360,85,67940.16
8,181076,206,84873.32
8,117755,142,82214.09
1,61985,235,111616.23
6,55069,123,90781.38
14,57326,169,73497.71
13,113737,178,69085.15
9,159470,156,73127.68
2,55861,242,109542.73
6,80897,231,101688.8
11,132118,206,80336.57
9,73577,77,69178.35
8,14078,76,76750.63
3,161075,105,78800.55
11,67768,87,65827.79
0,56047,72,84494.47
1,76626,97,92253.38
0,62660,139,102342.02
13,185858,241,76118.86
11,137997,218,83373.59
4,122832,97,84630.18
4,135406,123,84875.79
10,130150,134,72124.78
6,162087,169,80607.16
8,38320,90,79042.83
8,69881,82,73887.5
2,95827,126,85689.69
2,107215,118,91908.92
2,162361,187,91130.74
3,139461,123,84815.49
7,161755,207,88168.41
5,149701,122,85670.09
7,66550,113,78839.36
0,29826,116,95114.77
7,105734,122,74924.06
3,162702,143,85393.71
10,182235,115,65686.36
0,103511,82,84828.78
7,16653,234,100286.2
3,164033,171,84145.82
5,86941,93,75072.26
7,38662,71,74383.84
3,103818,150,91672.86
13,192518,169,69023.8
2,157360,211,99659.62
13,100081,207,78818.6
8,41877,232,96650.64
2,116562,222,104774.33
8,151385,200,87712.15
12,77715,180,77047.37
1,146398,171,99075.38
13,115091,86,61616.78
1,137632,81,86965.04
1,84148,185,105841.22
5,88186,93,75212.52
2,162817,98,79982.07
12,167962,240,86042.54
8,156094,222,84500.62
3,128629,191,100479.08
0,188651,159,93385.8
3,75316,134,92059.3
0,33380,153,100931.83
13,115198,188,72262.93
4,7356,225,108548.83
3,75326,85,91235.87
7,97447,244,96182.63
7,119994,173,84983.22
6,25049,161,82950.25
2,110361,96,88936.46
0,21082,239,117531.2
0,5661,244,111116.8
11,173484,231,77781.14
10,7920,234,88856.31
2,196387,203,98566.16
5,84561,204,98606.92
6,13946,222,97832.7
5,181572,102,77719.18
13,21309,124,72011.18
13,60230,76,61286.69
5,116822,126,85969.49
5,166099,195,87330.24
12,117340,81,65725.62
2,64321,85,83348.39
5,137028,112,85293.21
7,79131,186,86927.53
10,183980,204,80346.28
10,30963,180,85627.61
1,106757,120,90819.11
4,175515,229,99046.74
13,104259,144,66530.0
0,44063,77,89234.91
11,119225,114,69553.15
14,121400,128,63546.79
0,85818,201,107071.28
4,9703,173,93425.74
11,77099,226,87065.69
12,161921,226,79544.4
2,167932,167,91683.11
3,36585,225,110261.86
2,158087,148,94695.02
0,48585,193,110332.0
0,31958,241,113165.33
11,31017,73,70122.0
11,129677,159,75703.24
13,181422,173,71015.67
12,148273,206,79254.27
13,34426,188,85753.95
4,22778,202,105258.62
5,181313,125,81919.04
2,47229,165,97877.65
11,91652,247,90586.08
8,133267,144,80528.35
4,184436,212,93013.37
7,131503,101,77389.8
12,89878,97,63292.36
0,62056,91,91722.73
13,163562,86,51852.75
4,24975,128,88299.39
14,162795,159,73943.28
2,159351,175,97391.02
11,147633,95,69474.76
0,93397,94,87428.23
3,185225,207,96100.07
14,38142,114,71038.88
12,31916,152,79103.48
4,69324,80,82059.5
6,181037,173,89789.9
0,130932,137,90882.04
2,140720,164,93011.29
1,171205,225,97927.49
8,186749,134,71477.23
9,101059,118,77869.61
14,103317,244,80682.1
5,40046,121,88354.27
9,183136,171,83468.66
2,106459,126,89043.24
7,50893,116,82414.94
13,106520,228,85103.94
7,130818,243,92244.61
1,66272,95,87087.04
14,72649,183,72806.57
5,69674,74,76006.13
6,149832,153,85606.73
1,157999,121,86464.46
14,91475,174,73420.79
10,66367,123,72004.27
9,148660,230,92746.27
1,126750,247,107077.17
9,123154,235,95661.24
0,188305,224,104367.54
7,49738,84,71892.1
0,38397,130,97067.07
8,87189,191,85102.22
10,81367,90,71199.7
5,125585,115,80186.66
6,81619,203,94858.68
12,116453,107,65119.29
9,24816,131,78743.17
6,178312,155,79413.53
9,142348,147,79441.27
2,84530,115,88504.04
1,159571,210,100577.38
8,113856,72,68512.56
7,76635,75,71381.66
12,112803,162,73725.8
11,40946,77,68119.59
9,60204,241,92037.39
6,187958,177,82484.04
8,20563,230,101606.7
3,97324,144,89645.53
12,14847,146,75502.97
3,31155,119,86260.64
0,84671,80,90318.48
7,121891,164,81337.67
13,88310,225,83288.62
13,154381,139,62006.39
11,136691,238,89319.97
2,186180,85,82971.57
6,39707,137,88018.21
14,156409,168,64776.11
11,86537,117,73739.44
1,183686,133,86283.65
1,96155,159,93529.33
6,5281,145,88335.57
14,163492,208,73815.3
5,175102,170,85229.75
2,137130,158,96664.52
8,81260,87,79022.48
9,164476,88,62868.79
14,165928,124,60237.1
13,145272,171,72814.65
12,69178,187,79424.95
5,38997,223,102698.35
9,161683,203,87113.81
9,124273,73,68984.45
5,177307,177,89513.85
0,171129,184,104020.84
3,137311,98,77067.61
9,131945,128,79043.08
5,50272,194,95347.43
14,94393,167,74685.73
5,66212,86,76500.4
10,151470,176,76101.01
11,125030,112,70534.85
4,61503,149,85488.66
0,142710,231,110482.83
7,11570,77,80751.39
4,73785,210,100344.1
11,14110,175,83969.78
11,84141,77,62842.04
11,17115,165,83917.6
4,44062,163,95289.9
6,27911,134,83939.93
3,109061,240,103372.51
5,37556,108,83844.19
12,133335,150,70654.84
3,6969,153,92512.82
13,48753,157,77209.41
14,140542,155,67492.37
2,126863,162,94002.94
6,15225,155,88753.95
7,128008,113,77975.41
3,159268,206,97532.69
12,110823,234,89197.2
1,18669,143,99958.35
11,173452,105,64469.35
9,129398,170,78810.95
13,115677,225,84564.01
2,53320,239,108336.27
0,183486,240,106310.55
7,151649,239,93751.64
14,130354,173,70227.48
2,93009,135,91135.93
11,191481,124,72804.57
9,33625,245,93925.28
6,29089,160,88102.04
9,41487,91,77728.62
4,115448,170,90603.19
9,55138,224,91491.24
4,178895,190,94659.84
13,173280,162,65375.41
6,59061,177,94061.31
14,166731,210,75300.3
8,106376,242,96375.61
11,167962,79,62789.99
4,84134,78,77609.35
0,52055,224,114150.8
9,24508,103,74574.19
9,178359,198,84008.6
0,163056,229,109910.37
14,115169,158,74078.26
1,13125,162,100842.37
13,41059,140,74336.46
5,108409,136,83901.08
8,153159,217,96403.44
7,10704,186,95705.18
12,196648,163,70869.78
4,116279,232,101923.74
0,163280,168,98257.32
12,123516,182,78434.43
6,175954,172,84282.31
14,161995,160,66717.27
4,119044,159,89442.24
5,34165,86,77772.67
12,72203,87,67594.67
6,9114,242,101439.18
2,41321,185,98504.1
11,78297,162,78342.09
9,101652,160,80527.03
2,104304,151,94183.7
4,161498,137,82770.48
5,22772,183,95133.77
8,108754,70,71138.66
12,8712,127,76508.05
13,137439,223,82346.63
11,120142,178,78794.8
4,96736,217,100219.97
14,56924,185,77595.12
0,8726,156,100995.57
13,94152,79,65564.54
13,32723,128,75558.61
13,131969,110,66284.29
3,105494,174,93547.72
4,145180,202,96658.43
11,40643,191,87552.96
9,167396,214,82060.61
9,108896,91,75288.74
4,144999,167,84581.89
6,98680,238,100879.82
3,101546,137,93832.55
0,158515,208,102935.06
13,84973,125,68049.96
13,68449,248,89780.53
4,114834,218,104513.95
6,196305,168,82541.55
9,30537,145,79880.28
9,82576,95,70849.87
5,112522,184,87316.36
4,27612,216,105712.67
3,11471,178,98584.2
1,171703,116,86189.83
3,36348,140,95911.46
14,6177,223,84010.42
9,140832,109,73585.67
9,37779,202,87296.78
2,26636,218,110244.36
9,86889,201,88831.27
0,58551,92,90606.71
7,147628,175,85261.28
4,163670,153,82906.22
12,147635,212,80742.25
3,51819,185,98734.04
7,78770,178,84983.2
6,163038,205,88584.87
1,195961,110,84314.21
0,163059,181,97175.17
11,83714,216,78977.96
10,194420,181,80658.16
3,29596,172,97893.93
7,169246,115,67965.85
11,69106,225,94699.59
1,64182,137,99065.08
2,92163,191,98994.9
11,44310,84,65857.01
0,61088,234,113255.17
0,133803,198,103616.83
12,144978,180,77377.37
2,41914,93,85335.44
10,115350,96,71925.82
4,50379,109,84410.66
11,173722,233,86306.2
2,182953,93,78411.53
0,51413,93,99323.78
0,142084,73,85932.37
7,186187,136,85743.35
9,12151,103,79325.26
10,62716,246,92079.81
11,98747,185,83300.79
12,172450,92,63879.23
12,178724,178,74883.77
11,149539,138,73114.23
14,167082,164,70531.08
13,126999,131,64319.01
1,119793,238,104515.77
12,190763,126,62979.2
2,113177,123,89173.78
1,17289,139,97316.04
2,181048,170,89520.89
6,179668,126,80242.54
0,159243,207,103936.98
9,91365,237,93488.54
7,119014,204,89875.33
12,180211,172,71654.77
9,184785,235,85486.76
9,165806,154,79610.92
9,77588,130,75510.12
13,68646,72,61995.87
1,8654,197,112103.33
2,23743,248,111016.08
8,53368,155,87463.71
6,142513,116,79980.48
3,124735,145,90447.65
9,160683,107,71306.9
4,124891,233,100420.73
1,112971,238,108155.78
12,17149,210,84998.21
10,105102,156,78269.27
12,64189,127,70084.87
7,157747,119,78979.62
3,76031,99,79949.96
8,47668,170,88559.76
4,149745,94,79622.51
12,93204,181,79227.85
8,159741,224,92686.45
3,170140,248,101834.63
9,145507,195,84740.95
4,188321,192,86234.32
8,42384,116,78034.85
7,86929,187,92270.76
2,132959,108,81534.56
0,81153,85,89171.58
2,80388,91,83598.05
3,36401,123,90296.99
1,124503,218,102621.82
0,132834,85,82366.71
6,39084,128,86403.81
7,115641,100,75069.16
6,110111,239,100182.34
13,191898,101,61938.41
4,172523,231,101699.63
11,143299,78,62935.51
0,167982,208,106606.76
6,41041,79,74870.63
12,93920,86,66930.88
6,70681,137,86394.12
8,86571,117,77920.73
2,132556,249,108056.4
8,31160,180,86559.78
13,22633,222,82578.11
0,22014,192,112828.78
0,85532,218,107917.23
13,54104,170,76245.82
3,177693,171,87458.42
8,82231,134,75543.12
5,73388,120,84065.64
12,21014,105,69674.54
10,97578,150,77626.3
2,169827,196,97170.11
0,45390,157,108748.88
3,28711,173,97498.71
11,96658,84,70506.92
12,62993,165,82526.42
8,163285,236,93496.62
2,193856,192,94401.82
11,12421,70,63794.53
8,22727,220,97297.48
6,117418,191,93835.54
11,9358,236,98175.16
13,70108,195,76894.73
14,99018,126,65218.52
3,129457,150,87195.56
2,168189,231,100340.12
9,36910,238,97847.66
14,131888,142,64667.69
4,60754,210,97989.49
4,198510,139,85315.49
2,114847,75,82859.87
11,165443,153,73727.88
8,187573,121,70812.69
3,197018,72,78828.17
10,43467,150,80370.12
4,153697,132,91255.72
3,38893,118,90238.85
4,81329,145,82683.51
6,36007,181,86216.02
8,175604,244,93691.65
6,59253,178,95638.83
12,17323,134,72882.37
4,116335,150,94986.19
9,117356,84,73721.2
9,115944,169,82184.44
6,150282,101,77254.26
13,21456,165,80360.79
14,36367,197,85401.63
9,59624,215,93315.21
4,146178,182,92554.89
2,73008,152,97166.5
6,130926,112,79865.78
12,120395,185,80503.48
10,121492,232,84015.33
10,77240,147,79135.56
1,69315,127,94965.57
14,15756,102,66293.66
11,41378,83,70733.6
8,140327,231,97397.15
9,150556,201,85036.85
9,130703,128,76740.01
11,61549,226,93641.34
0,170575,152,94755.94
12,78794,203,79844.91
5,50113,190,97841.69
6,79069,246,94341.55
13,141321,237,75588.85
12,155273,152,72035.39
7,130541,96,66838.04
9,194648,149,70672.1
8,14686,203,92575.4
1,58363,82,85217.6
10,102543,133,74379.43
9,136733,216,90901.96
1,180915,149,92019.69
4,100673,192,93248.39
12,197035,112,67011.57
4,47828,158,89022.03
5,53604,217,100535.45
2,15526,164,95203.44
7,73910,241,99211.45
12,30592,220,86514.52
0,33982,71,92197.61
5,5207,189,100251.72
3,93733,91,81201.93
0,129982,184,98764.08
14,73619,126,66273.76
6,165400,141,86506.71
8,51479,76,77683.26
12,156175,188,73486.45
3,175963,183,95052.53
3,146826,85,74214.41
5,86437,152,87136.12
11,103540,248,87240.31
14,77982,141,72458.74
2,107747,193,95690.5
12,191994,182,74988.35
11,53231,81,67490.58
5,34301,195,97008.6
6,198783,122,81375.6
10,177395,144,78009.34
9,23752,202,90679.22
9,103452,96,70189.65
2,149467,209,95356.03
6,126237,214,93775.37
13,61273,203,87246.26
2,96878,166,95669.89
12,9895,74,68791.53
12,124968,126,64459.11
1,120700,225,104410.68
11,81559,147,77359.45
13,15699,138,74232.64
9,14715,187,91788.25
3,24169,189,99333.53
11,123413,128,65779.38
7,152235,102,77054.52
12,124264,131,66628.35
14,10782,119,70830.71
8,129481,181,86028.52
6,40585,88,74179.49
0,35682,192,110163.28
2,183936,116,82503.5
12,134992,236,84815.56
11,89416,102,67754.65
13,191186,210,80808.47
8,132810,153,84339.97
14,43067,204,75009.65
11,178757,148,78038.63
0,23073,83,89261.43
8,41035,216,100655.56
7,95373,197,90012.72
0,88362,123,93009.15
5,95517,217,97032.17
4,70450,98,81975.13
5,15382,93,90754.09
9,140509,151,77395.46
11,66929,132,73546.66
12,103864,174,77137.83
12,148401,126,64577.94
12,30169,205,90032.91
14,92468,131,62613.36
4,39594,226,102078.27
5,196703,86,75874.83
4,50033,135,89875.41
10,68133,75,69491.0
11,78861,127,77706.44
4,188362,138,86293.3
3,36750,225,106324.93
2,45461,131,99644.98
2,83222,238,105653.89
3,117020,151,90498.07
8,29226,238,98147.38
1,11721,246,114006.68
14,192226,246,76081.07
8,25609,140,78968.6
0,188202,200,101841.5
13,135513,79,57173.93
14,109211,167,77312.88
14,191321,158,65916.32
0,184967,104,85597.18
4,141728,71,78846.62
5,129865,193,93663.33
5,79520,93,79447.45
2,199812,143,85537.2
6,69309,235,110757.66
8,34984,91,76986.16
10,123947,223,90505.94
11,10901,240,90386.11
9,167624,108,68084.84
7,36055,226,104434.29
5,173757,89,78852.94
11,150788,110,68333.47
7,119099,217,91450.34
11,16138,177,83040.99
4,171370,216,93803.17
7,187184,153,76120.25
9,28429,180,90350.08
11,55200,135,77106.49
3,184316,227,101042.44
9,106268,122,73975.91
7,22347,103,81099.57
9,152992,219,85904.27
11,36822,136,74376.98
1,182731,203,104314.64
11,45108,96,70509.12
11,133955,79,64674.61
4,12967,142,95158.91
8,115719,165,83366.17
3,16871,117,91428.35
10,169685,139,69105.87
5,33179,169,91002.7
14,188260,128,58943.56
0,60099,71,89461.43
8,40262,226,96099.57
0,83213,134,93251.26
4,122407,152,90419.95
3,154340,223,101363.37
12,91269,79,61201.65
11,65545,122,72939.27
12,44922,148,77595.33
12,47913,128,70229.28
13,102033,219,83447.03
2,109792,248,108613.47
12,191749,117,60964.95
5,185913,218,94063.74
1,182404,192,98776.75
2,124863,91,81528.85
4,161104,169,87652.95
14,173918,167,65328.84
8,195546,227,86925.7
1,49936,94,89566.95
9,165866,97,66623.13
7,197660,182,78962.34
13,186403,114,59714.09
1,33141,137,95641.07
10,145146,76,66593.22
12,142478,118,68360.39
4,102359,206,100290.71
6,128279,233,94318.99
7,159363,152,81256.5
0,46568,198,100102.46
5,102539,207,97209.81
0,51851,233,114190.14
1,59823,142,95253.97
14,28312,115,68720.69
0,179180,175,92746.23
10,170243,229,83434.65
4,177851,101,80553.8
9,103723,75,69597.61
14,17411,245,86643.89
8,62009,235,98583.64
5,151494,214,94940.19
10,178540,143,71010.34
10,37371,183,85032.97
0,62022,96,89932.65
12,76229,123,67087.22
0,104071,247,115616.51
1,187268,232,101732.53
8,101774,154,79514.22
2,31715,196,99226.21
14,32605,222,75761.85
0,104853,225,110611.84
4,36174,180,99572.13
6,146028,84,76877.72
5,81373,201,95634.23
11,74252,162,77621.42
0,198021,192,97375.78
4,198718,142,82114.43
14,75017,224,85208.52
4,68037,223,101968.6
5,94818,216,98793.31
2,11548,161,98246.58
4,121981,86,82763.49
6,159249,112,71123.33
4,29022,190,95387.33
4,111297,110,84074.28
4,141614,239,106021.13
9,65428,247,95103.3
9,158812,237,87082.29
2,64353,108,91984.34
0,118132,182,102364.5
4,192604,220,99240.44
13,21052,180,76076.35
8,105689,249,99700.56
13,183148,116,57597.23
0,189492,132,89460.88
2,136743,179,97251.2
12,5163,138,76999.89
12,46424,112,73660.58
3,189816,245,95779.22
13,146706,103,62537.72
0,140870,109,92905.43
0,27420,130,98306.88
7,125575,247,93344.23
1,34300,131,98957.52
11,94881,127,70361.02
14,15749,230,83239.58
7,109131,144,79293.04
6,161193,85,72094.29
9,133563,151,78521.03
9,42487,163,80518.35
1,169433,117,83887.41
5,26223,207,97655.4
5,77930,151,85888.53
2,150128,107,84653.87
10,33380,196,88814.66
1,31035,88,90319.87
11,35620,233,91845.0
0,155949,132,97015.53
5,191388,146,83601.65
11,122360,243,90683.89
4,58352,200,97838.55
13,166983,171,74132.87
13,168856,134,64270.14
10,8191,189,89174.79
8,169232,160,75424.3
0,95536,77,87271.9
14,109576,248,80795.06
14,185795,142,66818.36
6,8631,203,100646.08
14,142244,176,69887.92
4,47080,158,99494.72
4,95353,108,82574.72
13,156353,182,68646.29
1,33671,97,88529.1
10,127811,166,75377.03
2,187503,106,83663.66
6,132734,206,88557.21
5,164674,151,82798.66
11,56399,125,74873.71
1,159544,154,93538.74
5,185302,71,71346.97
1,12099,127,96823.05
1,161503,176,95213.35
1,61492,192,98914.14
13,101722,237,83273.39
14,183756,233,79168.45
10,35111,183,85283.65
2,68936,176,100127.67
14,158686,106,58205.35
1,178063,148,94279.86
3,65920,161,87185.05
8,68530,87,74047.82
5,172296,167,90481.84
0,12788,132,103653.7
7,33082,219,96500.42
14,128287,208,72807.06
11,94570,73,68320.92
13,106015,204,79143.65
6,88588,130,82593.69
9,152603,176,78091.29
2,93340,123,86033.34
0,99439,157,100269.64
4,180929,137,85513.16
12,146214,198,78993.93
3,120053,124,84305.21
9,53355,72,66937.25
7,145938,235,89656.35
0,130426,190,100297.06
9,69027,198,85231.09
0,193978,171,90823.17
11,164210,107,67793.54
3,97601,154,88262.76
7,34956,226,101103.97
4,109797,202,97992.37
1,129917,161,96537.17
5,131303,90,81930.78
4,141511,178,87767.04
1,183313,116,88855.67
12,47533,153,75680.42
13,164342,152,76296.11
10,83815,104,70266.87
10,44279,138,76859.12
10,114787,198,85237.26
2,159960,209,98725.27
14,153702,96,56439.51
8,66063,125,76536.02
6,132896,92,79529.81
6,171216,222,89248.82
14,188233,90,56757.61
10,187051,130,73316.0
5,102661,132,87980.43
7,143051,191,85692.49
3,162261,121,83418.4
7,178672,157,79415.82
3,195632,222,92913.34
7,128257,124,79799.7
8,197630,115,71484.01
2,91205,101,90911.51
2,11910,124,91534.88
10,193785,165,78326.84
12,51857,202,87184.85
1,39964,105,91893.02
12,161299,179,68272.47
9,142050,246,90259.8
2,22153,175,106499.96
2,64765,127,92702.92
4,113212,108,84619.6
4,44071,149,91878.95
1,117990,166,96330.17
11,74519,182,75972.02
9,14503,130,83159.07
12,196775,206,80300.29
5,100457,75,73374.56
4,193938,178,88466.53
5,152977,104,77009.93
0,50838,108,94918.56
4,130200,219,96706.91
8,194351,238,92776.47
11,94489,187,81539.52
9,31806,74,63861.43
13,181072,239,82124.56
1,158240,156,96477.05
0,75119,145,94537.87
13,43714,227,87090.48
9,190165,126,76881.63
12,60419,196,82715.25
10,185217,98,68864.04
8,110432,234,92251.94
9,97949,156,80448.66
8,138533,210,87959.49
14,150363,229,77670.49
8,182876,115,71663.03
5,81971,185,88759.4
14,98471,181,73233.81
7,69946,220,99516.12
13,103989,114,63009.48
10,89080,214,84447.6
14,197404,173,68263.44
12,82794,154,75293.85
0,35841,203,109790.34
9,129447,177,81736.43
3,125029,87,81014.14
0,184830,163,94155.85
7,81272,219,90959.01
0,42643,102,92953.67
2,186480,227,102899.79
12,48950,195,84347.66
3,192921,229,93471.22
14,105500,239,83330.78
14,164116,191,69765.89
14,130588,207,80697.09
7,20997,184,93528.96
5,84751,233,103401.3
13,103605,231,83533.25
9,159983,97,68352.69
11,60533,80,71460.88
6,87566,236,101940.02
13,150643,116,64221.43
7,113255,196,89138.25
1,194013,216,95577.83
12,63005,187,81873.45
9,194784,212,83682.49
13,48541,195,82484.82
10,28387,225,94904.11
7,98980,221,97899.76
2,184980,141,88911.98
6,90457,176,86738.07
2,149129,206,92995.61
14,69028,244,82674.5
6,124246,102,81088.17
13,60731,88,69633.92
10,160930,143,72689.8
14,184761,237,73929.07
11,49638,244,90172.86
12,182558,226,84185.52
1,25567,247,111998.61
9,165811,167,80526.82
5,62804,210,98865.47
2,113821,198,102138.96
2,8754,231,115666.33
14,32044,162,76467.14
8,72260,245,97577.75
6,71912,117,87739.52
4,13706,246,109263.36
11,13894,133,74876.46
9,154109,130,75856.95
6,88986,226,98793.07
8,86942,108,74929.19
0,187684,197,98613.04
6,34725,157,88918.97
5,141998,95,75554.43
9,109555,86,68624.97
13,14496,140,71746.81
11,61447,82,68386.11
8,106604,138,80303.4
0,165878,95,86991.71
12,93199,118,68852.94
3,46321,76,82550.96
8,158728,127,79439.62
3,60147,118,88894.87
9,96396,172,86771.5
2,185738,122,82023.85
8,43787,131,83228.18
12,199018,86,56744.99
1,26727,240,110995.19
14,100081,94,59860.23
3,127721,200,96190.15
14,73056,98,61638.39
5,139153,186,94594.18
1,170268,229,103972.83
14,172807,95,58284.82
7,85102,193,89323.42
7,161570,213,92442.32
0,81865,94,91071.92
11,167728,123,67136.81
2,72695,225,101362.4
9,173972,142,75250.29
8,122235,189,87965.29
4,183773,125,78624.81
5,113777,134,83524.97
3,24033,162,98709.83
9,146877,155,73193.37
1,171923,149,89807.29
10,31832,238,95239.13
7,199509,177,85889.61
10,120725,248,97721.09
12,150016,187,82425.16
5,24873,226,103087.66
4,45372,152,91078.72
8,94464,216,94446.17
0,151451,238,106496.67
4,122322,242,99897.61
5,172823,84,73043.05
4,105082,200,95453.88
5,10110,208,101932.39
5,190413,243,95122.15
6,17087,99,82251.02
3,159834,126,89693.16
13,87617,215,82235.57
10,105483,248,96476.08
13,14596,197,86426.37
13,112539,117,67699.17
13,23313,205,82521.89
14,118175,91,62862.77
7,119914,75,70504.38
6,28705,173,92508.72
8,78445,105,76818.35
6,108892,148,84739.3
2,7023,185,101238.05
2,124654,126,84086.0
14,195868,118,62784.0
7,85073,242,99757.38
4,97197,151,84628.32
3,69429,135,88538.19
7,109195,146,82977.45
14,197699,114,60542.77
5,38848,148,85702.24
1,173876,89,82388.48
3,151451,192,96846.41
11,195736,136,67558.66
10,32766,152,81929.19
3,73099,72,79682.39
14,172132,133,66070.99
5,74122,109,80246.04
5,152159,128,78165.82
0,53868,131,97043.38
13,124119,201,73643.47
7,159297,129,71069.82
5,100286,185,95986.91
2,11643,144,94065.18
13,41727,191,76562.7
8,147077,176,80610.87
1,114079,165,94476.1
14,70697,160,72038.82
10,21029,227,89718.09
7,150298,199,89829.66
9,199718,131,73602.8
2,196675,118,80041.28
12,164803,206,76805.56
11,114458,161,74857.93
4,115384,228,99935.78
5,73926,193,98501.75
9,142069,130,77817.49
5,60506,117,92021.3
3,83229,222,96330.43
2,185887,233,98882.76
3,47092,205,107837.43
0,67539,127,90270.95
3,157889,170,96979.35
0,173933,181,98895.4
11,18428,242,93931.0
14,180006,131,58810.31
0,146330,108,87530.01
9,62775,127,83153.38
13,10469,168,78533.5
5,33854,113,83923.8
4,142328,98,80800.76
13,81256,128,68560.55
10,170009,140,73535.0
14,104134,161,68394.08
3,137723,78,78582.39
12,186360,196,74158.77
10,89730,203,80551.6
2,161123,226,103289.72
0,32386,214,106779.38
5,152256,213,93842.98
1,38787,200,108838.85
7,26621,90,73675.51
9,82984,133,79614.85
4,195864,159,85157.36
6,181325,105,71784.18
9,39051,131,85766.22
11,54811,239,91107.78
1,35447,145,96273.37
12,133046,239,82857.06
7,166326,82,72627.19
1,89045,80,83711.58
3,121859,123,88626.6
0,193490,85,83068.06
14,150544,77,59371.36
4,8471,173,94398.83
8,125312,128,74225.21
0,144401,126,90836.93
8,170937,109,71208.95
10,51850,199,86193.83
14,59220,163,81383.32
7,98808,207,98299.34
5,142469,113,80723.72
6,171597,208,91871.07
2,58072,149,94737.1
13,88820,150,68909.52
14,28284,71,60689.58
0,197402,247,109493.25
4,88369,209,102848.43
13,30122,184,83081.03
11,135349,159,70553.23
11,75553,92,67154.67
1,99788,215,100854.0
13,67812,131,73765.93
4,12999,182,97412.9
7,27436,197,94036.87
10,47963,131,78692.0
8,138168,107,81440.02
1,161351,235,105987.27
11,113899,130,71090.24
2,31201,198,100416.82
2,155787,242,108886.57
0,165381,225,104936.04
7,151150,218,96113.93
5,192686,191,92332.54
11,10105,179,82955.88
12,122666,82,57989.87
7,99848,224,95425.31
10,7839,169,83113.34
8,73920,204,91022.04
4,48619,91,86366.2
13,47821,143,68098.2
11,130736,201,82407.04
13,149565,92,62600.54
2,22069,188,105520.88
4,12531,139,88132.82
4,173123,153,87551.86
4,143808,170,93920.21
2,143782,153,92790.6
10,72155,230,90545.17
13,150047,97,64466.49
9,67424,205,87295.84
13,50603,70,57380.35
3,159324,234,100532.01
8,137503,132,78529.99
12,173553,91,64089.16
9,97573,139,79562.86
8,145629,194,88326.01
1,108302,218,108420.83
7,136234,165,82920.17
7,170814,232,91815.48
6,24675,148,92827.75
7,78997,74,69519.68
13,153087,129,66983.05
2,186129,189,92893.42
12,168663,115,68117.63
5,145905,247,99700.94
0,12896,245,116127.98
6,169044,203,95184.44
14,54733,125,64785.22
14,46800,179,77157.46
0,101044,226,108307.42
8,10347,173,91029.88
0,195135,146,97931.24
0,138715,215,103498.53
14,45785,71,56768.56
6,23681,77,75937.97
1,186098,144,89596.65
13,108864,194,77849.49
4,151964,107,80795.39
7,52299,245,105543.03
7,22073,96,84170.87
2,107304,89,87893.64
6,35682,209,105109.22
2,129302,112,88807.2
5,150361,100,80807.02
5,120359,160,90396.36
2,143999,130,90222.77
6,184402,178,86663.09
2,71707,160,95224.08
7,70428,232,93538.27
9,55601,164,83427.99
3,138611,212,100566.77
14,116487,213,78342.44
14,158741,82,53166.94
12,156716,182,74966.55
0,154817,104,87205.14
3,33228,218,104851.54
13,170593,227,80993.1
6,127788,117,81279.37
10,102239,104,68987.9
3,31928,155,98596.96
12,23322,235,93478.81
5,193786,228,95471.61
8,92896,221,94499.45
0,67292,183,107038.09
12,34055,246,87904.32
4,47891,169,98119.64
10,86912,229,87634.22
6,142660,168,83988.9
0,95536,72,86612.07
13,11304,154,70102.68
3,12345,194,103009.61
5,165372,207,95726.74
1,160331,152,87845.68
9,96006,94,74566.73
4,151424,137,82882.44
10,134350,130,73403.09
9,169437,98,66567.43
0,24446,196,109896.46
5,7336,88,85908.04
5,67032,240,104589.43
12,102852,143,72295.46
14,143593,130,62892.78
14,159553,240,79814.44
3,23474,222,108094.21
12,182832,89,62279.2
7,60718,117,82166.58
3,49629,156,91070.82
7,50232,221,96569.33
14,91544,208,76722.51
12,55669,179,82061.34
7,74184,97,74545.88
4,184017,128,83355.31
12,18140,202,84546.44
14,131468,120,57789.31
3,88457,218,105070.03
11,19357,81,69106.29
12,116672,119,71844.33
1,73673,201,99470.42
10,126673,182,80091.79
14,70633,239,83669.14
2,101111,235,107005.07
2,83258,222,101161.54
3,148996,83,80632.31
3,74286,101,91170.69
9,98269,208,89710.16
10,79071,215,88575.07
10,193398,224,79797.73
4,35651,124,86494.71
3,75202,189,98422.37
10,53777,144,77321.82
13,153066,90,62925.47
9,72263,241,96137.96
7,195706,202,94591.84
5,105158,156,85199.52
5,15800,238,105009.34
7,42823,128,78908.37
6,68878,158,81588.78
14,23708,219,85832.76
9,148891,152,78845.3
13,68870,134,68092.73
10,14283,133,79514.94
11,166645,140,68779.95
9,83707,73,67282.03
12,167005,212,78488.9
7,10774,173,88721.6
13,147055,219,77347.3
1,101468,244,107461.29
8,101334,162,84501.94
0,23133,243,106970.69
14,151011,211,75416.56
7,5781,247,99497.9
11,119586,217,81416.04
10,192772,247,85834.44
11,32624,181,83475.78
11,11823,230,91265.61
3,23489,188,97833.37
3,176033,128,86563.44
4,34118,112,84386.29
7,105417,81,70675.03
4,86816,109,84862.68
7,158335,187,87094.36
14,18565,89,62586.65
9,156426,235,80620.21
0,179023,200,98392.38
11,96179,225,87426.71
14,28648,159,76483.42
9,186801,163,76872.06
8,46971,82,72514.49
5,23658,135,95946.73
2,26253,106,89469.89
12,184635,246,85504.95
13,162462,135,62121.74
7,93664,105,73796.3
8,187650,95,70809.48
5,108850,144,89291.18
10,168730,177,76944.35
6,142924,237,90857.89
0,138623,112,89366.18
13,76947,219,83570.87
4,66001,217,101546.4
4,185231,77,72598.28
9,127775,98,69852.6
13,187779,109,58711.72
3,38243,227,102802.34
5,157872,197,93923.41
6,80939,153,87196.44
8,62828,185,88156.55
0,143311,213,103263.01
14,11710,243,87323.98
5,157456,131,82258.15
6,157110,76,76730.54
2,176918,114,86217.71
7,42991,245,98601.52
14,143043,224,76480.56
4,165211,157,84854.41
14,90445,142,68176.19
8,85257,232,92099.8
4,42711,248,108488.92
8,11530,106,71392.95
9,16116,188,90999.7
3,70794,126,90186.43
8,136354,77,72520.53
4,137970,164,92331.87
9,9135,186,87392.16
8,142701,179,86007.84
2,114472,89,83122.2
14,130147,193,68639.73
3,94087,122,88072.15
8,38380,188,88408.24
9,134951,81,67403.11
10,22071,246,100750.8
5,25074,86,82320.66
1,72843,133,91255.85
6,44901,111,85298.2
1,16205,163,102727.38
10,191733,226,80907.86
1,129661,216,99098.24
10,10906,80,68522.69
0,138663,167,100625.76
10,130576,247,89616.39
10,67987,140,77844.08
11,199442,177,70562.31
10,85685,127,77355.41
2,115454,103,79631.75
5,110487,89,75859.52
7,59400,119,82135.39
8,161222,171,78221.01
6,36852,207,99049.79
3,178942,229,96795.32
5,57756,121,81583.99
4,120357,84,82441.6
7,124052,153,83209.19
0,61481,200,108483.06
0,6283,106,98640.48
12,38691,195,75457.55
14,137197,109,63394.5
10,31170,141,77308.42
5,13438,109,83790.28
9,25095,125,80807.57
11,152226,220,82299.58
1,144076,173,98529.76
4,14752,208,102339.87
0,60426,179,104333.33
6,31819,205,95688.39
0,97051,162,96252.65
3,160289,163,88214.6
8,37994,125,80541.83
0,151108,129,97306.32
3,102756,207,104327.92
5,185488,108,74965.71
5,145659,97,77447.82
11,100665,118,69803.58
14,136717,233,80504.95
12,167002,194,77526.64
7,86835,82,75540.8
0,127232,105,80684.98
6,166162,170,86291.4
0,188214,95,83642.54
12,162547,155,69007.84
13,154960,73,59584.77
6,48732,151,92613.87
2,51305,235,110751.76
10,182109,196,78738.9
7,14346,157,85604.68
2,5587,196,96101.92
13,17763,189,82009.4
13,195237,91,59625.2
12,74615,199,81813.66
0,172188,100,89191.84
12,125987,188,73940.08
12,96353,80,62668.63
13,100648,115,65466.7
7,30556,165,88891.87
2,64042,79,88151.69
1,23099,237,112080.52
0,114089,197,102961.17
13,181168,221,75281.52
2,149302,168,97720.64
14,165081,241,75602.36
1,38866,181,101547.7
1,110400,129,96911.81
5,89246,156,90342.43
11,81975,214,85940.72
0,177927,134,91268.73
1,86557,126,89733.02
13,142488,175,72920.02
5,77516,78,76774.6
2,191987,91,80589.54
14,154130,210,71274.78
3,176790,158,90054.06
0,37602,245,117919.79
7,194139,87,68731.58
12,163588,184,77361.9
6,134295,237,97766.29
6,92969,214,93628.33
2,137161,212,97766.37
9,173418,175,76823.93
9,146559,84,68150.73
2,5155,132,95373.81
13,128950,236,86777.78
1,72494,82,89047.91
11,81229,150,78804.9
0,109648,101,90456.84
6,43547,206,93836.05
6,33795,109,83636.27
11,191368,217,81173.16
1,26447,151,95912.51
6,172670,146,84896.35
12,177886,145,72162.57
7,92960,241,94069.55
0,68278,107,90722.72
8,60077,140,80346.3
6,117782,117,81490.45
2,107932,87,85137.58
7,145600,213,90803.22
6,186172,108,75712.97
10,114869,158,74093.65
14,144251,131,65581.53
12,53781,210,84508.29
7,191339,178,81095.92
5,160024,150,79901.28
8,58798,203,91590.98
14,103696,146,69786.08
4,55939,159,87945.6
2,34516,83,86779.66
2,192598,164,91336.82
0,146521,123,89461.26
11,55290,201,86525.01
14,131688,108,61217.61
7,91661,141,83416.46
1,77954,94,89805.04
2,27746,146,98117.12
7,72990,229,99750.96
13,63810,235,87074.48
7,123362,189,86750.78
13,151295,122,62791.88
10,138669,225,83626.62
3,7659,200,104070.59
3,91516,219,106238.14
4,79567,165,91696.29
5,20037,235,105596.97
4,131498,141,84318.26
13,182810,131,65093.91
14,17109,75,66172.59
6,27010,101,83858.24
1,13787,168,97798.21
6,144544,207,93534.88
9,159455,200,85875.93
6,66709,145,86935.01
0,39518,246,116926.67
6,58909,128,81754.04
4,23351,100,86022.24
2,189402,162,94160.42
12,20282,138,78745.75
2,157850,121,87901.63
3,160336,158,87034.21
12,195747,196,72491.26
11,10075,238,93539.88
1,184526,100,84316.02
1,33365,153,98980.63
0,184272,196,97772.05
14,16002,219,85360.78
4,18947,201,101533.15
3,99840,82,82177.47
10,121219,114,72819.35
9,83610,196,86398.55
14,57142,239,83526.62
1,61307,183,105707.35
2,140565,246,103599.67
6,55085,89,77188.23
6,39228,150,92241.34
11,187947,233,81911.58
3,167727,198,95017.8
4,48472,212,100140.49
4,54437,86,76828.49
5,185488,221,93505.68
13,64711,127,66782.58
8,142888,141,78769.34
1,82175,178,103908.17
4,69307,92,75692.13
11,51733,243,90642.6
2,133202,141,91846.87
3,100028,77,73998.55
9,147312,128,77843.2
5,97493,180,93265.03
11,130149,82,67042.19
7,168834,236,91266.46
0,13259,225,111757.09
9,186211,85,64956.64
13,133775,188,81925.88
7,19849,71,79611.87
10,86768,214,88158.64
13,111108,99,64057.81
6,94709,172,90969.26
0,59869,82,96481.21
1,131888,165,97303.76
2,68095,163,97183.13
0,122886,151,95489.9
13,75910,82,63209.25
8,28567,240,96810.58
7,40292,163,89923.68
1,79813,218,102411.56
12,102136,181,77261.7
8,56631,124,81972.35
6,14885,150,90863.12
8,195731,237,88375.58
5,190378,185,87535.03
5,71314,212,101340.3
10,70087,249,90214.44
13,165237,177,68674.37
3,195001,122,79761.05
9,100998,197,86468.07
9,54812,249,92539.19
12,186572,227,83580.4
12,63643,230,84544.97
1,49900,126,95078.07
6,179018,121,75461.88
4,143923,206,95507.36
10,21288,180,81125.56
5,77692,70,79619.35
1,143440,113,84893.51
4,90436,144,85879.55
9,51403,167,91616.88
3,96170,78,82554.42
8,14168,101,81328.85
5,54879,84,81232.72
1,64871,209,104749.01
0,37174,205,104970.75
4,142653,141,85120.89
8,115155,224,88907.77
5,76853,81,75553.0
9,69046,134,73898.14
11,54678,176,82009.53
6,31649,111,87787.79
4,132795,184,94634.66
9,93668,208,88199.23
5,150639,172,88146.33
4,94906,240,94111.37
10,101019,164,78277.54
8,198016,86,62719.17
14,83002,229,82603.14
5,33803,154,90629.92
10,154302,237,85226.99
7,153934,220,91638.99
1,179427,125,88088.49
11,167331,203,84639.32
12,35795,155,79519.5
8,13770,247,101012.42
4,16093,171,94002.81
6,182643,234,90747.53
9,136265,123,75433.29
12,105311,246,87034.24
0,22569,184,107219.65
9,16190,208,95324.5
4,67824,157,87619.38
11,178824,118,70949.91
13,168399,218,81188.2
9,47070,184,81083.18
13,45197,132,78599.43
1,7261,173,104551.08
11,162584,152,71235.19
5,142788,172,90217.79
10,91795,225,86227.83
0,33933,86,92841.74
2,140450,75,77847.01
4,45583,216,108181.93
3,117082,97,82876.2
2,90371,107,89480.92
9,165105,188,79586.55
12,160072,106,66345.89
4,116032,184,93760.66
10,47604,137,73934.24
7,100074,246,97180.01
10,78869,112,78649.88
3,10410,233,111006.43
0,88375,127,93494.32
10,192116,82,57086.7
6,199387,121,73683.18
7,101055,127,75777.83
2,142868,101,78471.58
5,91716,174,93870.97
1,59245,152,98024.91
6,48056,168,96182.53
14,153781,173,67268.02
7,63557,97,77365.31
5,22543,198,94390.33
5,173490,239,95390.88
4,101038,117,83831.77
7,152796,109,73586.24
0,8828,166,104619.22
9,121656,183,86282.03
3,22087,201,105644.9
14,148677,235,77508.15
3,36337,224,105692.09
2,141554,206,102204.59
2,70333,180,102590.56
3,187024,213,94615.33
10,141535,145,76797.74
0,75448,100,92221.04
13,9648,188,78519.63
10,135576,211,87271.67
12,38623,94,68623.48
10,195228,103,60464.43
1,40634,136,95486.74
8,180674,221,88235.87
9,119598,187,82252.63
1,54334,142,100267.99
4,73648,95,86361.01
8,27054,217,94049.83
8,75028,173,84721.92
7,27207,79,76095.95
0,86554,136,95472.06
0,157458,221,103499.59
8,88276,74,59559.81
12,195590,96,65884.94
10,57781,182,84412.2
7,188852,84,68622.47
9,197512,232,87899.91
8,180271,174,80846.28
6,66035,113,80357.3
2,13210,95,86572.56
2,49363,244,104616.01
1,83279,231,104422.91
4,196420,164,83428.98
11,191356,247,87434.97
11,158504,153,75198.67
2,191470,209,95131.1
13,139393,201,69189.39
5,86348,156,89109.96
1,173455,245,104812.62
11,118816,181,77870.41
2,128053,198,102165.16
4,188965,158,86667.71
11,171892,135,66726.26
10,71262,227,86867.66
10,139832,200,82220.57
0,158262,191,98017.66
12,72411,218,84862.26
0,28377,153,104609.58
9,182809,246,85620.2
8,43211,185,89852.79
6,8744,185,98057.95
0,29995,107,94291.69
14,153049,212,78312.29
11,39542,179,82011.08
13,15651,249,91079.93
7,104239,115,79360.4
2,83931,94,84187.44
7,107112,90,80116.43
14,21715,190,81146.99
4,180481,191,95534.91
0,160378,202,105494.17
6,155158,139,82073.97
4,150448,182,95934.97
5,66350,176,93646.24
5,76425,181,91139.42
7,172708,177,83959.06
8,91120,116,73825.5
1,119889,160,89700.44
8,187721,87,65106.32
11,170682,218,82384.54
14,146130,173,73829.27
10,79637,220,86451.59
9,75194,109,77620.79
8,81917,207,87322.1
12,69200,158,73481.43
9,110848,249,98155.07
14,111022,130,66091.76
9,182691,74,63444.58
6,153226,191,89694.54
0,155611,124,87200.24
6,65058,106,79654.56
9,67068,125,77404.58
4,104932,171,96097.54
5,166445,162,80966.5
9,169226,142,80127.67
6,142103,128,79720.91
13,27785,71,59929.08
14,164741,173,65838.05
4,99475,120,85845.7
6,7282,99,78444.27
8,170696,80,65784.83
2,184510,177,92574.79
7,72534,145,87554.33
1,167777,236,108066.51
10,174316,159,73205.22
6,79964,192,92163.75
12,173509,194,71638.4
1,124006,191,94332.41
14,55583,163,69983.69
13,43392,172,80999.69
3,12461,231,110367.19
6,105123,100,78894.16
2,15516,121,89001.33
1,153586,158,91885.72
10,126251,145,72863.99
9,172340,198,82585.0
6,172860,91,72319.84
0,197121,109,83488.08
13,67493,170,77173.0
14,41027,180,77635.49
7,98547,198,88586.18
2,178921,134,88066.79
11,105127,239,91966.51
11,153930,218,87287.68
12,84003,148,75471.84
1,188467,91,83610.45
2,44758,235,108291.68
4,59312,168,97323.54
10,73670,77,64655.45
7,87279,244,100977.6
9,20434,86,73015.49
6,183847,86,76180.46
6,80769,159,89576.17
11,71677,210,85712.55
6,88555,214,94962.79
14,133379,235,82157.89
7,181806,150,80841.07
0,106665,147,95521.72
3,176675,242,101741.76
12,73803,75,66249.02
5,175404,232,91939.73
8,96703,179,88192.48
12,26312,83,68698.04
1,180251,141,93697.39
0,122961,212,103504.99
12,45379,123,72198.2
9,22297,96,75900.36
11,7011,82,72165.84
13,125234,228,83225.65
1,49014,232,106630.63
6,147810,129,80832.63
2,99333,75,88296.04
9,183570,127,73706.77
1,16120,118,99808.14
13,144839,220,82887.23
10,27852,231,97344.61
6,84239,95,78967.96
12,137001,116,68115.49
12,96575,74,63037.8
1,100040,89,86361.02
2,153510,203,101001.08
10,184587,128,68407.64
6,10744,215,105368.95
13,178489,201,72441.51
3,143141,86,82177.11
12,47359,83,70218.06
13,155871,82,57976.58
0,103746,204,102073.77
12,125906,197,82721.29
13,12597,113,70930.34
4,52093,188,100035.3
11,173298,212,80806.74
8,119650,88,76413.27
7,162489,132,71324.53
11,154765,232,86190.28
14,125956,150,72227.45
